{"IcoMoonType":"selection","icons":[{"icon":{"paths":["M512 16c-274 0-496 222-496 496s222 496 496 496 496-222 496-496-222-496-496-496zM512 912c-221 0-400-179-400-400s179-400 400-400 400 179 400 400-179 400-400 400z"],"attrs":[{}],"isMulticolor":false,"isMulticolor2":false,"grid":0,"tags":["circle-regular"]},"attrs":[{}],"properties":{"order":3,"id":1,"name":"circle-regular","prevSize":32,"code":59648},"setIdx":0,"setId":2,"iconIdx":0},{"icon":{"paths":["M485.44 512l200.14-200.14c24.56-24.56 24.56-64.38 0-88.96l-44.48-44.48c-24.56-24.56-64.38-24.56-88.96 0l-200.14 200.14-200.14-200.14c-24.56-24.56-64.38-24.56-88.96 0l-44.48 44.48c-24.56 24.56-24.56 64.38 0 88.96l200.14 200.14-200.14 200.14c-24.56 24.56-24.56 64.38 0 88.96l44.48 44.48c24.56 24.56 64.4 24.56 88.96 0l200.14-200.14 200.14 200.14c24.56 24.56 64.4 24.56 88.96 0l44.48-44.48c24.56-24.56 24.56-64.38 0-88.96l-200.14-200.14z"],"attrs":[{}],"width":704,"isMulticolor":false,"isMulticolor2":false,"grid":0,"tags":["times-solid"]},"attrs":[{}],"properties":{"order":2,"id":0,"name":"times-solid","prevSize":32,"code":59649},"setIdx":0,"setId":2,"iconIdx":1}],"height":1024,"metadata":{"name":"icomoon"},"preferences":{"showGlyphs":true,"showQuickUse":true,"showQuickUse2":true,"showSVGs":true,"fontPref":{"prefix":"icon-","metadata":{"fontFamily":"icomoon"},"metrics":{"emSize":1024,"baseline":6.25,"whitespace":50},"embed":false},"imagePref":{"prefix":"icon-","png":true,"useClassSelector":true,"color":0,"bgColor":16777215,"classSelector":".icon"},"historySize":50,"showCodes":true,"gridSize":16}}